<?xml version="1.0" encoding="UTF-8"?>
<project-private xmlns="http://www.netbeans.org/ns/project-private/1">
    <editor-bookmarks xmlns="http://www.netbeans.org/ns/editor-bookmarks/2" lastBookmarkId="0"/>
    <open-files xmlns="http://www.netbeans.org/ns/projectui-open-files/2">
        <group>
            <file>file:/Z:/Punteros/src/punteros/Principal.java</file>
            <file>file:/Z:/Punteros/src/paquete2/Nodo.java</file>
            <file>file:/Z:/Punteros/src/paquete2/Principal.java</file>
            <file>file:/Z:/Punteros/src/punteros/Persona.java</file>
        </group>
    </open-files>
</project-private>
